{"cameraMode":{"drawMode":0,"name":"Shaded","section":"Shading Mode"},"sceneLighting":true,"audioPlay":false,"sceneViewState":{"showFog":true,"showMaterialUpdate":false,"showSkybox":true,"showFlares":true,"showImageEffects":true,"showParticleSystems":true},"in2DMode":false,"pivot":{"x":43.40971755981445,"y":-9.977033615112305,"z":38.43292999267578},"rotation":{"x":-0.30164581537246706,"y":-0.6265498399734497,"z":0.28682681918144228,"w":-0.6589260697364807},"size":16.480215072631837,"orthographic":false}