{"cameraMode":{"drawMode":0,"name":"Shaded","section":"Shading Mode"},"sceneLighting":true,"audioPlay":false,"sceneViewState":{"showFog":true,"showMaterialUpdate":true,"showSkybox":true,"showFlares":true,"showImageEffects":true,"showParticleSystems":true},"in2DMode":false,"pivot":{"x":255.47866821289063,"y":-179.04859924316407,"z":17.228267669677736},"rotation":{"x":0.22482410073280335,"y":0.6635614633560181,"z":-0.21975941956043244,"w":0.6788702011108398},"size":312.8830261230469,"orthographic":false}