{"cameraMode":{"drawMode":0,"name":"Shaded","section":"Shading Mode"},"sceneLighting":false,"audioPlay":false,"sceneViewState":{"showFog":true,"showMaterialUpdate":true,"showSkybox":true,"showFlares":true,"showImageEffects":true,"showParticleSystems":true},"in2DMode":false,"pivot":{"x":11.943431854248047,"y":-5.252790927886963,"z":21.36052703857422},"rotation":{"x":-0.3235805332660675,"y":-0.06465742737054825,"z":0.022163625806570054,"w":-0.9437394142150879},"size":18.689525604248048,"orthographic":false}