{"cameraMode":{"drawMode":0,"name":"Shaded","section":"Shading Mode"},"sceneLighting":true,"audioPlay":false,"sceneViewState":{"showFog":true,"showMaterialUpdate":false,"showSkybox":true,"showFlares":true,"showImageEffects":true,"showParticleSystems":true},"in2DMode":false,"pivot":{"x":7.553858280181885,"y":-1.3101191520690919,"z":10.107277870178223},"rotation":{"x":0.08040327578783035,"y":-0.919536828994751,"z":0.265218049287796,"w":0.2787000238895416},"size":9.333808898925782,"orthographic":false}