{"cameraMode":{"drawMode":0,"name":"Shaded","section":"Shading Mode"},"sceneLighting":true,"audioPlay":false,"sceneViewState":{"showFog":true,"showMaterialUpdate":false,"showSkybox":true,"showFlares":true,"showImageEffects":true,"showParticleSystems":true},"in2DMode":false,"pivot":{"x":52.598731994628909,"y":24.54448890686035,"z":49.64018630981445},"rotation":{"x":-0.2684735059738159,"y":-0.003760098246857524,"z":0.0010478021577000619,"w":-0.9632798433303833},"size":9.542903900146485,"orthographic":false}