{"cameraMode":{"drawMode":0,"name":"Shaded","section":"Shading Mode"},"sceneLighting":false,"audioPlay":false,"sceneViewState":{"showFog":true,"showMaterialUpdate":true,"showSkybox":true,"showFlares":true,"showImageEffects":true,"showParticleSystems":true},"in2DMode":false,"pivot":{"x":13.137288093566895,"y":4.721222400665283,"z":21.910261154174806},"rotation":{"x":-0.10755550116300583,"y":-0.8435388803482056,"z":0.18404123187065125,"w":-0.4929920732975006},"size":9.333808898925782,"orthographic":false}