{"cameraMode":{"drawMode":0,"name":"Shaded","section":"Shading Mode"},"sceneLighting":true,"audioPlay":false,"sceneViewState":{"showFog":true,"showMaterialUpdate":true,"showSkybox":true,"showFlares":true,"showImageEffects":true,"showParticleSystems":true},"in2DMode":false,"pivot":{"x":10.272900581359864,"y":-0.498349130153656,"z":20.686901092529298},"rotation":{"x":-0.09466470032930374,"y":0.008060706779360772,"z":-0.0007665844168514013,"w":-0.995478093624115},"size":9.333808898925782,"orthographic":false}