{"cameraMode":{"drawMode":0,"name":"Shaded","section":"Shading Mode"},"sceneLighting":true,"audioPlay":false,"sceneViewState":{"showFog":true,"showMaterialUpdate":true,"showSkybox":true,"showFlares":true,"showImageEffects":true,"showParticleSystems":true},"in2DMode":false,"pivot":{"x":99.67976379394531,"y":-4.413782596588135,"z":6.878469944000244},"rotation":{"x":0.2311517745256424,"y":0.27345630526542666,"z":-0.06791302561759949,"w":0.9312453269958496},"size":14.758049964904786,"orthographic":false}