{"cameraMode":{"drawMode":0,"name":"Shaded","section":"Shading Mode"},"sceneLighting":true,"audioPlay":false,"sceneViewState":{"showFog":true,"showMaterialUpdate":true,"showSkybox":true,"showFlares":true,"showImageEffects":true,"showParticleSystems":true},"in2DMode":false,"pivot":{"x":350.3777160644531,"y":-331.1031494140625,"z":42.762969970703128},"rotation":{"x":0.2825751006603241,"y":0.6239118576049805,"z":-0.2589121460914612,"w":0.6811318397521973},"size":478.7760314941406,"orthographic":false}