{"cameraMode":{"drawMode":0,"name":"Shaded","section":"Shading Mode"},"sceneLighting":true,"audioPlay":false,"sceneViewState":{"showFog":true,"showMaterialUpdate":true,"showSkybox":true,"showFlares":true,"showImageEffects":true,"showParticleSystems":true},"in2DMode":false,"pivot":{"x":48.14496612548828,"y":-403.2813720703125,"z":237.80775451660157},"rotation":{"x":0.4915147125720978,"y":0.08125879615545273,"z":-0.04618144407868385,"w":0.8658735156059265},"size":478.7760314941406,"orthographic":false}