{"cameraMode":{"drawMode":0,"name":"Shaded","section":"Shading Mode"},"sceneLighting":false,"audioPlay":false,"sceneViewState":{"showFog":true,"showMaterialUpdate":true,"showSkybox":true,"showFlares":true,"showImageEffects":true,"showParticleSystems":true},"in2DMode":false,"pivot":{"x":-34.309810638427737,"y":-281.4153137207031,"z":-536.907958984375},"rotation":{"x":0.010430590249598027,"y":-0.9706798791885376,"z":0.23631736636161805,"w":0.04284021630883217},"size":619.8148803710938,"orthographic":false}